mario,rossi,mario_rossi@mail.com,Mario123,01/09/1998,m
angela,milani,angela12@mail.com,milani12,15/02/2001,f
giulia,bianchi,giuliabianchi@mail.it,Giulia,21/03/1976,f
gian paolo,genovese,3387632881,genovese12,21/01/1992,m
davide,verdi,333657228,Davide12,14/11/2001,m
luca,gallo,lucagallo@mail.com,luca,01/04/2002,m
maria,vitale,maria1967@mail.com,maria1967,10/09/1967,f
francesca,grassi,francesca_grassi12@mail.it,fgrassi1,05/10/1982,f
